,Placement Depth (m),Received Power (W),Noise Power (W),Attenuation,meter_distance_per_waves
0,0.0,5.094014114420404e-12,4.987573123533951e-16,1.0,0.0
1,11800.0,5.094014114420404e-12,4.987573123533951e-16,0.010771324409428108,389245.19079995
2,14630.0,5.094014114420404e-12,4.987573123533951e-16,0.0007574910194293896,88703.82664857521
