,Placement Depth (m),Received Power (W),Noise Power (W),Attenuation,meter_distance_per_waves
0,0.0,4.214002086908006e-12,4.98757291606319e-16,1.0,0.0
1,11750.0,4.214002086908006e-12,4.98757291606319e-16,0.012222834268081621,377268.99713984475
2,14580.0,4.214002086908006e-12,4.98757291606319e-16,0.0007574910194293896,88703.82664857521
