,Placement Depth (m),Received Power (W),Noise Power (W),Attenuation,meter_distance_per_waves
0,0.0,2.862464362583553e-11,5.008760090019992e-16,1.0,0.0
1,14310.0,2.862464362583553e-11,5.008760090019992e-16,0.018172431266322658,457509.91453218804
