,Placement Depth (m),Received Power (W),Noise Power (W),Attenuation,meter_distance_per_waves
0,0.0,2.9522493818780583e-13,4.990125217502556e-16,1.0,0.0
1,10070.0,2.9522493818780583e-13,4.990125217502556e-16,0.014330975518741362,4222.628432797206
2,11790.0,2.9522493818780583e-13,4.990125217502556e-16,0.00045982989287746953,701.8335463804254
3,13340.0,2.9522493818780583e-13,4.990125217502556e-16,0.00038582669314675123,632.054324475167
4,14890.0,2.9522493818780583e-13,4.990125217502556e-16,0.00038582669314675123,632.054324475167
