,Placement Depth (m),Received Power (W),Noise Power (W),Attenuation,meter_distance_per_waves
0,0.0,3.847523600381012e-13,4.990125217502556e-16,1.0,0.0
1,10150.0,3.847523600381012e-13,4.990125217502556e-16,0.012949305690894631,4390.786239959172
2,11830.0,3.847523600381012e-13,4.990125217502556e-16,0.0004342436788551897,685.4044791549157
3,13380.0,3.847523600381012e-13,4.990125217502556e-16,0.00038582669314675123,632.054324475167
4,14930.0,3.847523600381012e-13,4.990125217502556e-16,0.00038582669314675123,632.054324475167
