,Placement Depth (m),Received Power (W),Noise Power (W),Attenuation,meter_distance_per_waves
0,0.0,4.628474760323038e-13,4.990125217500874e-16,1.0,0.0
1,10450.0,4.628474760323038e-13,4.990125217500874e-16,0.015286522173138677,4378.040821244263
2,12510.0,4.628474760323038e-13,4.990125217500874e-16,0.0006927510552134794,840.0205860766754
3,14570.0,4.628474760323038e-13,4.990125217500874e-16,0.0006927510552134794,840.0205860766754
